{
  "baseline_variant": "v18_baseline",
  "source_strategy": "backtests/slv/archive/champion_history_20260214/slv_hf_champions_v18_exception_ddshock_lb10_on10_off5_20260217.json",
  "variants_tested": [
    "v18_baseline",
    "streak2",
    "streak3",
    "streak4",
    "streak6",
    "align_both",
    "streak2_align_both",
    "streak3_align_both"
  ],
  "winner_variants": [
    "streak2",
    "streak3",
    "streak4",
    "streak6",
    "align_both",
    "streak2_align_both",
    "streak3_align_both"
  ],
  "results": [
    {
      "variant": "v18_baseline",
      "filters_patch": {},
      "full": {
        "pnl": 36695.11836799899,
        "dd_pct": 0.10077908511999223,
        "roi": 0.3669511836799899,
        "roi_dd": 3.64114422395362,
        "trades": 753
      },
      "y1": {
        "pnl": 31077.08494399865,
        "dd_pct": 0.09556154855999208,
        "roi": 0.3107708494399865,
        "roi_dd": 3.2520491151824453,
        "trades": 698,
        "trades_per_year": 698.0
      },
      "y2": {
        "pnl": 43716.00399200219,
        "dd_pct": 0.15247905231998768,
        "roi": 0.4371600399200219,
        "roi_dd": 2.8670170313139915,
        "trades": 1252,
        "trades_per_year": 626.0
      },
      "segments": {
        "pre_2026": {
          "total_pnl": 19604.848607997672,
          "long_pnl": 20853.894159997755,
          "short_pnl": -1249.045552000081,
          "trades": 590,
          "short_trades": 203,
          "avg_abs_short_qty": 117.08866995073892
        },
        "janfeb_2026": {
          "total_pnl": 17090.269760001305,
          "long_pnl": 20613.790968001293,
          "short_pnl": -3523.521207999988,
          "trades": 163,
          "short_trades": 60,
          "avg_abs_short_qty": 84.2
        },
        "crash_leg_2026": {
          "total_pnl": 5672.301576000536,
          "long_pnl": 8335.511368000527,
          "short_pnl": -2663.20979199999,
          "trades": 89,
          "short_trades": 35,
          "avg_abs_short_qty": 102.74285714285715
        }
      },
      "trace_probe": {
        "shock_short_trades": 69,
        "shock_short_boost_applied": 69
      },
      "delta_vs_baseline": {
        "y1_pnl": 0.0,
        "y2_pnl": 0.0,
        "y1_roi_dd": 0.0,
        "y2_roi_dd": 0.0,
        "jan_total": 0.0,
        "jan_short": 0.0,
        "crash_total": 0.0,
        "crash_short": 0.0,
        "pre_2026_total": 0.0
      }
    },
    {
      "variant": "streak2",
      "filters_patch": {
        "shock_short_boost_min_down_streak_bars": 2
      },
      "full": {
        "pnl": 37192.51608799899,
        "dd_pct": 0.0994602007199917,
        "roi": 0.37192516087998995,
        "roi_dd": 3.7394370631431095,
        "trades": 751
      },
      "y1": {
        "pnl": 31561.025319998636,
        "dd_pct": 0.09428705399999235,
        "roi": 0.31561025319998637,
        "roi_dd": 3.3473339107616193,
        "trades": 696,
        "trades_per_year": 696.0
      },
      "y2": {
        "pnl": 44506.68506400216,
        "dd_pct": 0.1516994369599865,
        "roi": 0.4450668506400216,
        "roi_dd": 2.933872791877376,
        "trades": 1250,
        "trades_per_year": 625.0
      },
      "segments": {
        "pre_2026": {
          "total_pnl": 19688.75320799768,
          "long_pnl": 20872.708095997754,
          "short_pnl": -1183.9548880000714,
          "trades": 589,
          "short_trades": 202,
          "avg_abs_short_qty": 109.97524752475248
        },
        "janfeb_2026": {
          "total_pnl": 17503.7628800013,
          "long_pnl": 20635.831248001294,
          "short_pnl": -3132.0683679999947,
          "trades": 162,
          "short_trades": 59,
          "avg_abs_short_qty": 69.88135593220339
        },
        "crash_leg_2026": {
          "total_pnl": 6079.47365600053,
          "long_pnl": 8346.290608000527,
          "short_pnl": -2266.816951999997,
          "trades": 88,
          "short_trades": 34,
          "avg_abs_short_qty": 80.88235294117646
        }
      },
      "trace_probe": {
        "shock_short_trades": 68,
        "shock_short_boost_applied": 40
      },
      "delta_vs_baseline": {
        "y1_pnl": 483.94037599998774,
        "y2_pnl": 790.6810719999703,
        "y1_roi_dd": 0.09528479557917402,
        "y2_roi_dd": 0.0668557605633846,
        "jan_total": 413.49311999999554,
        "jan_short": 391.4528399999931,
        "crash_total": 407.1720799999939,
        "crash_short": 396.39283999999316,
        "pre_2026_total": 83.90460000000894
      }
    },
    {
      "variant": "streak3",
      "filters_patch": {
        "shock_short_boost_min_down_streak_bars": 3
      },
      "full": {
        "pnl": 37741.249127999,
        "dd_pct": 0.0984498715999919,
        "roi": 0.37741249127999,
        "roi_dd": 3.833549857875295,
        "trades": 751
      },
      "y1": {
        "pnl": 32270.13619999862,
        "dd_pct": 0.09330203543999159,
        "roi": 0.32270136199998617,
        "roi_dd": 3.458674405956939,
        "trades": 695,
        "trades_per_year": 695.0
      },
      "y2": {
        "pnl": 45065.96199200216,
        "dd_pct": 0.1517839138399865,
        "roi": 0.45065961992002157,
        "roi_dd": 2.969086832186417,
        "trades": 1250,
        "trades_per_year": 625.0
      },
      "segments": {
        "pre_2026": {
          "total_pnl": 19762.68299199769,
          "long_pnl": 20887.864831997762,
          "short_pnl": -1125.1818400000677,
          "trades": 589,
          "short_trades": 202,
          "avg_abs_short_qty": 103.76732673267327
        },
        "janfeb_2026": {
          "total_pnl": 17978.566136001296,
          "long_pnl": 20662.814592001298,
          "short_pnl": -2684.2484560000003,
          "trades": 162,
          "short_trades": 59,
          "avg_abs_short_qty": 60.610169491525426
        },
        "crash_leg_2026": {
          "total_pnl": 6551.817872000526,
          "long_pnl": 8370.954912000529,
          "short_pnl": -1819.1370400000026,
          "trades": 88,
          "short_trades": 34,
          "avg_abs_short_qty": 64.76470588235294
        }
      },
      "trace_probe": {
        "shock_short_trades": 68,
        "shock_short_boost_applied": 17
      },
      "delta_vs_baseline": {
        "y1_pnl": 1193.0512559999697,
        "y2_pnl": 1349.9579999999696,
        "y1_roi_dd": 0.20662529077449365,
        "y2_roi_dd": 0.10206980087242545,
        "jan_total": 888.2963759999911,
        "jan_short": 839.2727519999876,
        "crash_total": 879.5162959999898,
        "crash_short": 844.0727519999875,
        "pre_2026_total": 157.83438400001978
      }
    },
    {
      "variant": "streak4",
      "filters_patch": {
        "shock_short_boost_min_down_streak_bars": 4
      },
      "full": {
        "pnl": 38158.31507199902,
        "dd_pct": 0.09933108767999191,
        "roi": 0.3815831507199902,
        "roi_dd": 3.841527961007638,
        "trades": 753
      },
      "y1": {
        "pnl": 32538.270791998668,
        "dd_pct": 0.09413783471999268,
        "roi": 0.3253827079199867,
        "roi_dd": 3.4564498842343037,
        "trades": 697,
        "trades_per_year": 697.0
      },
      "y2": {
        "pnl": 45508.04318400217,
        "dd_pct": 0.1517839138399865,
        "roi": 0.4550804318400217,
        "roi_dd": 2.99821252678842,
        "trades": 1252,
        "trades_per_year": 626.0
      },
      "segments": {
        "pre_2026": {
          "total_pnl": 19754.376655997687,
          "long_pnl": 20869.381071997752,
          "short_pnl": -1115.0044160000657,
          "trades": 591,
          "short_trades": 204,
          "avg_abs_short_qty": 100.1029411764706
        },
        "janfeb_2026": {
          "total_pnl": 18403.938416001303,
          "long_pnl": 20667.907408001298,
          "short_pnl": -2263.9689919999955,
          "trades": 162,
          "short_trades": 59,
          "avg_abs_short_qty": 54.220338983050844
        },