{
  "base": "backtests/slv/archive/champion_history_20260214/slv_hf_champions_v27_exception_ddshock_lb10_on10_off5_depth1p25pp_streak1_20260222.json",
  "rows": [
    {
      "1y": {
        "dd": 9413.783471999268,
        "dd_pct": 0.09413783471999268,
        "pnl": 32739.52846399865,
        "pnl_dd": 3.4778289262102113,
        "roi": 0.3273952846399865,
        "tr": 697,
        "win_rate": 0.642754662840746
      },
      "2y": {
        "dd": 15146.820111998779,
        "dd_pct": 0.1514682011199878,
        "pnl": 45627.80594400215,
        "pnl_dd": 3.0123686428319965,
        "roi": 0.45627805944002153,
        "tr": 1252,
        "win_rate": 0.6685303514376997
      },
      "filters": {
        "shock_short_entry_max_dist_on_pp": 0.0
      },
      "gate": {
        "2y": {
          "total": 1252
        },
        "crash_leg_2026": {
          "total": 88
        },
        "janfeb_2026": {
          "total": 162
        },
        "last2m": {
          "total": 206
        },
        "pre_2026": {
          "total": 590
        }
      },
      "segments": {
        "crash_leg_2026": {
          "long": 8833.406376000561,
          "short": -1345.3400079999917,
          "total": 7488.066368000567
        },
        "janfeb_2026": {
          "long": 21781.20429600137,
          "short": -2314.4826559999883,
          "total": 19466.721640001393
        },
        "last2m": {
          "long": 30664.068552001452,
          "short": -2391.9103119999863,
          "total": 28272.15824000148
        },
        "pre_2026": {
          "long": 21948.249551997636,
          "short": -1040.8875760000685,
          "total": 20907.36197599757
        }
      },
      "variant": "baseline"
    },
    {
      "1y": {
        "dd": 9519.897631999265,
        "dd_pct": 0.09519897631999265,
        "pnl": 33075.263887998655,
        "pnl_dd": 3.474329784474011,
        "roi": 0.33075263887998657,
        "tr": 681,
        "win_rate": 0.657856093979442
      },
      "2y": {
        "dd": 15140.713711998775,
        "dd_pct": 0.15140713711998774,
        "pnl": 46186.40616800219,
        "pnl_dd": 3.050477477253942,
        "roi": 0.4618640616800219,
        "tr": 1233,
        "win_rate": 0.6780210867802109
      },
      "filters": {
        "shock_short_entry_max_dist_on_pp": 1.25
      },
      "gate": {
        "2y": {
          "total": 1233
        },
        "crash_leg_2026": {
          "total": 75
        },
        "janfeb_2026": {
          "total": 149
        },
        "last2m": {
          "total": 193
        },
        "pre_2026": {
          "total": 586
        }
      },
      "segments": {
        "crash_leg_2026": {
          "long": 8827.80754400056,
          "short": -556.2780079999932,
          "total": 8271.529536000566
        },
        "janfeb_2026": {
          "long": 21756.47271200137,
          "short": -1633.95753599999,
          "total": 20122.515176001372
        },
        "last2m": {
          "long": 30632.051112001456,
          "short": -1710.6842079999888,
          "total": 28921.36690400147
        },
        "pre_2026": {
          "long": 21925.66417599762,
          "short": -1217.1703920000696,
          "total": 20708.493783997554
        }
      },
      "variant": "maxdist_1p25"
    },
    {
      "1y": {
        "dd": 9524.357631999257,
        "dd_pct": 0.09524357631999257,
        "pnl": 33074.88700799865,
        "pnl_dd": 3.4726632793455807,
        "roi": 0.33074887007998655,
        "tr": 681,
        "win_rate": 0.657856093979442
      },
      "2y": {
        "dd": 15142.120463998814,
        "dd_pct": 0.15142120463998815,
        "pnl": 46185.628680002184,
        "pnl_dd": 3.050142731978057,
        "roi": 0.46185628680002183,
        "tr": 1233,
        "win_rate": 0.6780210867802109
      },
      "filters": {
        "shock_short_entry_max_dist_on_pp": 2.0
      },
      "gate": {
        "2y": {
          "total": 1233
        },
        "crash_leg_2026": {
          "total": 75
        },
        "janfeb_2026": {
          "total": 149
        },
        "last2m": {
          "total": 193
        },
        "pre_2026": {
          "total": 586
        }
      },
      "segments": {
        "crash_leg_2026": {
          "long": 8827.80754400056,
          "short": -556.2780079999932,
          "total": 8271.529536000566
        },
        "janfeb_2026": {
          "long": 21756.47271200137,
          "short": -1633.95753599999,
          "total": 20122.515176001372
        },
        "last2m": {
          "long": 30632.051112001456,
          "short": -1710.6842079999888,
          "total": 28921.36690400147
        },
        "pre_2026": {
          "long": 21928.023439997625,
          "short": -1218.90039200007,
          "total": 20709.123047997557
        }
      },
      "variant": "maxdist_2p0"
    },
    {
      "1y": {
        "dd": 9596.539687999219,
        "dd_pct": 0.09596539687999218,
        "pnl": 32798.96697599868,
        "pnl_dd": 3.417790999917902,
        "roi": 0.3279896697599868,
        "tr": 685,
        "win_rate": 0.656934306569343
      },
      "2y": {
        "dd": 15142.120463998814,
        "dd_pct": 0.15142120463998815,
        "pnl": 45892.6789120022,
        "pnl_dd": 3.030796051392832,
        "roi": 0.458926789120022,
        "tr": 1237,
        "win_rate": 0.677445432497979
      },
      "filters": {
        "shock_short_entry_max_dist_on_pp": 3.0
      },
      "gate": {
        "2y": {
          "total": 1237
        },
        "crash_leg_2026": {
          "total": 78
        },
        "janfeb_2026": {
          "total": 152
        },
        "last2m": {
          "total": 196
        },
        "pre_2026": {
          "total": 587
        }
      },
      "segments": {
        "crash_leg_2026": {
          "long": 8833.567232000561,
          "short": -938.2754239999908,
          "total": 7895.29180800057
        },
        "janfeb_2026": {
          "long": 21766.64321600138,
          "short": -2014.1949519999887,
          "total": 19752.448264001396
        },
        "last2m": {
          "long": 30647.647472001474,
          "short": -2091.2427199999865,
          "total": 28556.40475200148
        },
        "pre_2026": {
          "long": 21933.320479997634,
          "short": -1147.080288000071,
          "total": 20786.24019199756
        }
      },
      "variant": "maxdist_3p0"
    }
  ]
}