{
  "base": "backtests/slv/archive/champion_history_20260214/slv_hf_champions_v27_exception_ddshock_lb10_on10_off5_depth1p25pp_streak1_20260222.json",
  "rows": [
    {
      "1y": {
        "dd": 9413.783471999268,
        "dd_pct": 0.09413783471999268,
        "pnl": 32739.52846399865,
        "pnl_dd": 3.4778289262102113,
        "roi": 0.3273952846399865,
        "tr": 697,
        "win_rate": 0.642754662840746
      },
      "2y": {
        "dd": 15146.820111998779,
        "dd_pct": 0.1514682011199878,
        "pnl": 45627.80594400215,
        "pnl_dd": 3.0123686428319965,
        "roi": 0.45627805944002153,
        "tr": 1252,
        "win_rate": 0.6685303514376997
      },
      "boosts": {
        "2y": {
          "boosted": 14,
          "total": 1252
        },
        "crash_leg_2026": {
          "total": 88
        },
        "janfeb_2026": {
          "total": 162
        },
        "last2m": {
          "total": 206
        },
        "pre_2026": {
          "boosted": 11,
          "total": 590
        }
      },
      "filters": {
        "shock_short_boost_max_dist_on_pp": 1.25
      },
      "segments": {
        "crash_leg_2026": {
          "long": 8833.406376000561,
          "short": -1345.3400079999917,
          "total": 7488.066368000567
        },
        "janfeb_2026": {
          "long": 21781.20429600137,
          "short": -2314.4826559999883,
          "total": 19466.721640001393
        },
        "last2m": {
          "long": 30664.068552001452,
          "short": -2391.9103119999863,
          "total": 28272.15824000148
        },
        "pre_2026": {
          "long": 21948.249551997636,
          "short": -1040.8875760000685,
          "total": 20907.36197599757
        }
      },
      "variant": "baseline_1p25"
    },
    {
      "1y": {
        "dd": 9388.731711999208,
        "dd_pct": 0.09388731711999207,
        "pnl": 32802.18614399863,
        "pnl_dd": 3.493782456481956,
        "roi": 0.3280218614399863,
        "tr": 695,
        "win_rate": 0.641726618705036
      },
      "2y": {
        "dd": 15241.07829599877,
        "dd_pct": 0.1524107829599877,
        "pnl": 45561.165720002195,
        "pnl_dd": 2.98936629253872,
        "roi": 0.45561165720002195,
        "tr": 1250,
        "win_rate": 0.668
      },
      "boosts": {
        "2y": {
          "boosted": 17,
          "total": 1250
        },
        "crash_leg_2026": {
          "total": 88
        },
        "janfeb_2026": {
          "total": 162
        },
        "last2m": {
          "total": 206
        },
        "pre_2026": {
          "boosted": 13,
          "total": 588
        }
      },
      "filters": {
        "shock_short_boost_max_dist_on_pp": 2.0
      },
      "segments": {
        "crash_leg_2026": {
          "long": 8828.91093600056,
          "short": -1345.3400079999917,
          "total": 7483.570928000565
        },
        "janfeb_2026": {
          "long": 21770.480744001376,
          "short": -2314.4826559999883,
          "total": 19455.998088001383
        },
        "last2m": {
          "long": 30652.260472001453,
          "short": -2391.9103119999863,
          "total": 28260.350160001475
        },
        "pre_2026": {
          "long": 21939.551407997627,
          "short": -988.6328480000711,
          "total": 20950.918559997554
        }
      },
      "variant": "maxdist_2p0"
    },
    {
      "1y": {
        "dd": 9429.84759999928,
        "dd_pct": 0.0942984759999928,
        "pnl": 32765.45329599865,
        "pnl_dd": 3.474653534803802,
        "roi": 0.3276545329599865,
        "tr": 695,
        "win_rate": 0.641726618705036
      },
      "2y": {
        "dd": 15241.07829599877,
        "dd_pct": 0.1524107829599877,
        "pnl": 45513.0865920022,
        "pnl_dd": 2.9862117173133815,
        "roi": 0.45513086592002194,
        "tr": 1250,
        "win_rate": 0.668
      },
      "boosts": {
        "2y": {
          "boosted": 20,
          "total": 1250
        },
        "crash_leg_2026": {
          "boosted": 2,
          "total": 88
        },
        "janfeb_2026": {
          "boosted": 2,
          "total": 162
        },
        "last2m": {
          "boosted": 2,
          "total": 206
        },
        "pre_2026": {
          "boosted": 14,
          "total": 588
        }
      },
      "filters": {
        "shock_short_boost_max_dist_on_pp": 2.5
      },
      "segments": {
        "crash_leg_2026": {
          "long": 8818.12316000056,
          "short": -1316.5400079999881,
          "total": 7501.583152000569
        },
        "janfeb_2026": {
          "long": 21751.19914400137,
          "short": -2285.682655999985,
          "total": 19465.51648800138
        },
        "last2m": {
          "long": 30627.356696001447,
          "short": -2362.789791999985,
          "total": 28264.566904001473
        },
        "pre_2026": {
          "long": 21928.342799997627,
          "short": -1035.0217680000735,
          "total": 20893.321031997548
        }
      },
      "variant": "maxdist_2p5"
    },
    {
      "1y": {
        "dd": 9341.921407999194,
        "dd_pct": 0.09341921407999194,
        "pnl": 32751.010783998663,
        "pnl_dd": 3.5058109947226703,
        "roi": 0.32751010783998663,
        "tr": 695,
        "win_rate": 0.641726618705036
      },
      "2y": {
        "dd": 15241.07829599877,
        "dd_pct": 0.1524107829599877,
        "pnl": 45483.91014400218,
        "pnl_dd": 2.9842973876686294,
        "roi": 0.45483910144002176,
        "tr": 1250,
        "win_rate": 0.668
      },
      "boosts": {
        "2y": {
          "boosted": 27,
          "total": 1250
        },
        "crash_leg_2026": {
          "boosted": 5,
          "total": 88
        },
        "janfeb_2026": {
          "boosted": 5,
          "total": 162
        },
        "last2m": {
          "boosted": 5,
          "total": 206
        },
        "pre_2026": {
          "boosted": 18,
          "total": 588
        }
      },
      "filters": {
        "shock_short_boost_max_dist_on_pp": 3.0
      },
      "segments": {
        "crash_leg_2026": {
          "long": 8836.343672000563,
          "short": -1572.0383839999872,
          "total": 7264.305288000571
        },
        "janfeb_2026": {
          "long": 21792.529848001373,
          "short": -2542.2830399999843,
          "total": 19250.24680800139
        },
        "last2m": {
          "long": 30681.68495200145,
          "short": -2620.810695999982,
          "total": 28060.874256001498
        },
        "pre_2026": {
          "long": 21961.719967997626,
          "short": -882.305704000071,
          "total": 21079.414263997554
        }
      },
      "variant": "maxdist_3p0"
    }
  ]
}