{
  "champion": "backtests/slv/archive/champion_history_20260214/slv_hf_champions_v20_exception_ddshock_lb10_on10_off5_streak6_prearmtight_20260218.json",
  "rows": [
    {
      "1y": {
        "dd": 9413.783471999268,
        "dd_pct": 0.09413783471999268,
        "pnl": 32649.186535998662,
        "pnl_dd": 3.468232154809137,
        "roi": 0.32649186535998664,
        "tr": 697
      },
      "2y": {
        "dd": 15178.391383998649,
        "dd_pct": 0.1517839138399865,
        "pnl": 45611.024840002174,
        "pnl_dd": 3.0049972810746066,
        "roi": 0.45611024840002173,
        "tr": 1252
      },
      "filters": {},
      "full": {
        "dd": 9933.10876799919,
        "dd_pct": 0.09933108767999191,
        "pnl": 38252.494191999,
        "pnl_dd": 3.851009294817592,
        "roi": 0.38252494191999004,
        "tr": 753
      },
      "jan_short_avg": 53.40677966101695,
      "prearm_applied": 1,
      "prearm_applied_jan": 0,
      "segments": {
        "crash_leg_2026": 7100.043032000532,
        "janfeb_2026": 18469.392592001303,
        "pre_2026": 19783.101599997688
      },
      "variant": "v20_baseline"
    },
    {
      "1y": {
        "dd": 9386.376711999197,
        "dd_pct": 0.09386376711999198,
        "pnl": 32548.52912799866,
        "pnl_dd": 3.4676350765242376,
        "roi": 0.3254852912799866,
        "tr": 697
      },
      "2y": {
        "dd": 15470.321311998472,
        "dd_pct": 0.15470321311998472,
        "pnl": 44992.130904002195,
        "pnl_dd": 2.9082867767657286,
        "roi": 0.449921309040022,
        "tr": 1251
      },
      "filters": {
        "shock_prearm_dist_on_max_pp": 8.0,
        "shock_prearm_min_dist_on_accel_pp": 0.0,
        "shock_prearm_min_dist_on_vel_pp": 0.1,
        "shock_prearm_min_drawdown_pct": -6.0,
        "shock_prearm_min_streak_bars": 1
      },
      "full": {
        "dd": 9902.699071999203,
        "dd_pct": 0.09902699071999203,
        "pnl": 38163.64749599903,
        "pnl_dd": 3.8538631961371292,
        "roi": 0.3816364749599903,
        "tr": 753
      },
      "jan_short_avg": 54.101694915254235,
      "prearm_applied": 20,
      "prearm_applied_jan": 1,
      "segments": {
        "crash_leg_2026": 7101.486528000533,
        "janfeb_2026": 18408.422024001302,
        "pre_2026": 19755.225471997685
      },
      "variant": "v24_depth_dd6"
    },
    {
      "1y": {
        "dd": 9413.783471999268,
        "dd_pct": 0.09413783471999268,
        "pnl": 32619.622127998657,
        "pnl_dd": 3.465091610086822,
        "roi": 0.32619622127998654,
        "tr": 697
      },
      "2y": {
        "dd": 15173.159383998354,
        "dd_pct": 0.15173159383998355,
        "pnl": 45480.711632002196,
        "pnl_dd": 2.9974450594624513,
        "roi": 0.45480711632002196,
        "tr": 1252
      },
      "filters": {
        "shock_prearm_dist_on_max_pp": 8.0,
        "shock_prearm_min_dist_on_accel_pp": 0.0,
        "shock_prearm_min_dist_on_vel_pp": 0.1,
        "shock_prearm_min_drawdown_pct": -8.0,
        "shock_prearm_min_streak_bars": 1
      },
      "full": {
        "dd": 9933.10876799919,
        "dd_pct": 0.09933108767999191,
        "pnl": 38243.557423999,
        "pnl_dd": 3.850109599847092,
        "roi": 0.38243557423999003,
        "tr": 753
      },
      "jan_short_avg": 53.40677966101695,
      "prearm_applied": 3,
      "prearm_applied_jan": 0,
      "segments": {
        "crash_leg_2026": 7101.540648000531,
        "janfeb_2026": 18470.3902080013,
        "pre_2026": 19773.167215997688
      },
      "variant": "v24_depth_dd8"
    },
    {
      "1y": {
        "dd": 9413.783471999268,
        "dd_pct": 0.09413783471999268,
        "pnl": 32649.186535998662,
        "pnl_dd": 3.468232154809137,
        "roi": 0.32649186535998664,
        "tr": 697
      },
      "2y": {
        "dd": 15215.119351998292,
        "dd_pct": 0.1521511935199829,
        "pnl": 45469.33808000218,
        "pnl_dd": 2.988431245794363,
        "roi": 0.45469338080002175,
        "tr": 1252
      },
      "filters": {
        "shock_prearm_dist_on_max_pp": 8.0,
        "shock_prearm_min_dist_on_accel_pp": 0.0,
        "shock_prearm_min_dist_on_vel_pp": 0.1,
        "shock_prearm_min_drawdown_pct": -9.0,
        "shock_prearm_min_streak_bars": 1
      },
      "full": {
        "dd": 9933.10876799919,
        "dd_pct": 0.09933108767999191,
        "pnl": 38252.494191999,
        "pnl_dd": 3.851009294817592,
        "roi": 0.38252494191999004,
        "tr": 753
      },
      "jan_short_avg": 53.40677966101695,
      "prearm_applied": 1,
      "prearm_applied_jan": 0,
      "segments": {
        "crash_leg_2026": 7100.043032000532,
        "janfeb_2026": 18469.392592001303,
        "pre_2026": 19783.101599997688
      },
      "variant": "v24_depth_dd9"
    }
  ]
}