{
  "champion": "backtests/slv/archive/champion_history_20260214/slv_hf_champions_v20_exception_ddshock_lb10_on10_off5_streak6_prearmtight_20260218.json",
  "rows": [
    {
      "1y": {
        "dd": 9413.783471999268,
        "dd_pct": 0.09413783471999268,
        "pnl": 32649.186535998662,
        "pnl_dd": 3.468232154809137,
        "roi": 0.32649186535998664,
        "tr": 697
      },
      "2y": {
        "dd": 15178.391383998649,
        "dd_pct": 0.1517839138399865,
        "pnl": 45611.024840002174,
        "pnl_dd": 3.0049972810746066,
        "roi": 0.45611024840002173,
        "tr": 1252
      },
      "counts": {
        "prearm_applied": 1,
        "shock_short_boost_applied": 0,
        "short_trades": 263
      },
      "filters": {},
      "full": {
        "dd": 9933.10876799919,
        "dd_pct": 0.09933108767999191,
        "pnl": 38252.494191999,
        "pnl_dd": 3.851009294817592,
        "roi": 0.38252494191999004,
        "tr": 753
      },
      "jan_short_avg": 53.40677966101695,
      "segments": {
        "crash_leg_2026": {
          "long": 8381.281376000528,
          "short": -1281.2383439999962,
          "total": 7100.0430320005335
        },
        "janfeb_2026": {
          "long": 20672.16235200129,
          "short": -2202.7697599999938,
          "total": 18469.3925920013
        },
        "pre_2026": {
          "long": 20871.64601599775,
          "short": -1088.5444160000661,
          "total": 19783.10159999769
        }
      },
      "variant": "v20_baseline"
    },
    {
      "1y": {
        "dd": 9388.731711999208,
        "dd_pct": 0.09388731711999207,
        "pnl": 32802.18614399863,
        "pnl_dd": 3.493782456481956,
        "roi": 0.3280218614399863,
        "tr": 695
      },
      "2y": {
        "dd": 15241.07829599877,
        "dd_pct": 0.1524107829599877,
        "pnl": 45561.165720002195,
        "pnl_dd": 2.98936629253872,
        "roi": 0.45561165720002195,
        "tr": 1250
      },
      "counts": {
        "boost_dd_on_avg": 0.8929860008659332,
        "boost_dd_on_max": 1.7307692307692335,
        "boost_dd_on_min": 0.121951219512205,
        "prearm_applied": 1,
        "shock_short_boost_applied": 13,
        "short_trades": 261
      },
      "filters": {
        "shock_short_boost_max_dist_on_pp": 2.0,
        "shock_short_boost_min_down_streak_bars": 1
      },
      "full": {
        "dd": 9903.974375999183,
        "dd_pct": 0.09903974375999183,
        "pnl": 38431.788071999,
        "pnl_dd": 3.8804409838875142,
        "roi": 0.38431788071999,
        "tr": 751
      },
      "jan_short_avg": 53.49152542372882,
      "segments": {
        "crash_leg_2026": {
          "long": 8388.836336000528,
          "short": -1280.298343999997,
          "total": 7108.53799200053
        },
        "janfeb_2026": {
          "long": 20703.519792001294,
          "short": -2203.0068639999945,
          "total": 18500.512928001313
        },
        "pre_2026": {
          "long": 20894.455647997755,
          "short": -963.1805040000795,
          "total": 19931.27514399768
        }
      },
      "variant": "boost_depth2_streak1_loose"
    },
    {
      "1y": {
        "dd": 9388.731711999208,
        "dd_pct": 0.09388731711999207,
        "pnl": 32802.18614399863,
        "pnl_dd": 3.493782456481956,
        "roi": 0.3280218614399863,
        "tr": 695
      },
      "2y": {
        "dd": 15241.07829599877,
        "dd_pct": 0.1524107829599877,
        "pnl": 45561.165720002195,
        "pnl_dd": 2.98936629253872,
        "roi": 0.45561165720002195,
        "tr": 1250
      },
      "counts": {
        "boost_dd_on_avg": 0.8929860008659332,
        "boost_dd_on_max": 1.7307692307692335,
        "boost_dd_on_min": 0.121951219512205,
        "prearm_applied": 1,
        "shock_short_boost_applied": 13,
        "short_trades": 261
      },
      "filters": {
        "shock_short_boost_max_dist_on_pp": 2.0,
        "shock_short_boost_min_down_streak_bars": 1,
        "shock_short_boost_require_entry_down": true,
        "shock_short_boost_require_regime_down": true
      },
      "full": {
        "dd": 9903.974375999183,
        "dd_pct": 0.09903974375999183,
        "pnl": 38431.788071999,
        "pnl_dd": 3.8804409838875142,
        "roi": 0.38431788071999,
        "tr": 751
      },
      "jan_short_avg": 53.49152542372882,
      "segments": {
        "crash_leg_2026": {
          "long": 8388.836336000528,
          "short": -1280.298343999997,
          "total": 7108.53799200053
        },
        "janfeb_2026": {
          "long": 20703.519792001294,
          "short": -2203.0068639999945,
          "total": 18500.512928001313
        },
        "pre_2026": {
          "long": 20894.455647997755,
          "short": -963.1805040000795,
          "total": 19931.27514399768
        }
      },
      "variant": "boost_depth2_streak1_align"
    },
    {
      "1y": {
        "dd": 9413.783471999268,
        "dd_pct": 0.09413783471999268,
        "pnl": 32733.336463998647,
        "pnl_dd": 3.4771711672954857,
        "roi": 0.32733336463998647,
        "tr": 697
      },
      "2y": {
        "dd": 15146.820111998779,
        "dd_pct": 0.1514682011199878,
        "pnl": 45612.17717600217,
        "pnl_dd": 3.011336824411733,
        "roi": 0.4561217717600217,
        "tr": 1252
      },
      "counts": {
        "boost_dd_on_avg": 0.6016260162601684,
        "boost_dd_on_max": 0.9756097560975707,
        "boost_dd_on_min": 0.121951219512205,
        "prearm_applied": 1,
        "shock_short_boost_applied": 10,
        "short_trades": 263
      },
      "filters": {
        "shock_short_boost_max_dist_on_pp": 1.0,
        "shock_short_boost_min_down_streak_bars": 1,
        "shock_short_boost_require_entry_down": true,
        "shock_short_boost_require_regime_down": true
      },
      "full": {
        "dd": 9933.10876799919,
        "dd_pct": 0.09933108767999191,
        "pnl": 38358.744415999005,
        "pnl_dd": 3.861705867912845,
        "roi": 0.38358744415999,
        "tr": 753
      },
      "jan_short_avg": 53.45762711864407,
      "segments": {
        "crash_leg_2026": {
          "long": 8394.495584000528,
          "short": -1280.298343999997,
          "total": 7114.197240000528
        },
        "janfeb_2026": {
          "long": 20697.195376001284,
          "short": -2203.0094799999943,
          "total": 18494.185896001298
        },
        "pre_2026": {
          "long": 20882.14825599776,
          "short": -1017.5897360000777,
          "total": 19864.55851999768
        }
      },
      "variant": "boost_depth1_streak1_align"
    }
  ]
}