{
  "base": "backtests/slv/archive/champion_history_20260214/slv_hf_champions_v26_exception_ddshock_lb10_on10_off5_depth1pp_streak1_20260222.json",
  "rows": [
    {
      "1y": {
        "dd": 9413.783471999268,
        "dd_pct": 0.09413783471999268,
        "pnl": 32733.336463998647,
        "pnl_dd": 3.4771711672954857,
        "roi": 0.32733336463998647,
        "tr": 697,
        "win_rate": 0.642754662840746
      },
      "2y": {
        "dd": 15146.820111998779,
        "dd_pct": 0.1514682011199878,
        "pnl": 45612.17717600217,
        "pnl_dd": 3.011336824411733,
        "roi": 0.4561217717600217,
        "tr": 1252,
        "win_rate": 0.6685303514376997
      },
      "boost_crash": {
        "n": 0
      },
      "boost_full": {
        "dd_on_avg": 0.6016260162601684,
        "dd_on_max": 0.9756097560975707,
        "dd_on_min": 0.121951219512205,
        "n": 10
      },
      "boost_jan": {
        "n": 0
      },
      "filters": {},
      "full": {
        "dd": 9933.10876799919,
        "dd_pct": 0.09933108767999191,
        "pnl": 38358.744415999005,
        "pnl_dd": 3.861705867912845,
        "roi": 0.38358744415999,
        "tr": 753,
        "win_rate": 0.6520584329349269
      },
      "jan_short_avg": 53.45762711864407,
      "segments": {
        "crash_leg_2026": {
          "long": 8394.495584000528,
          "short": -1280.298343999997,
          "total": 7114.197240000528
        },
        "janfeb_2026": {
          "long": 20697.195376001284,
          "short": -2203.0094799999943,
          "total": 18494.185896001298
        },
        "pre_2026": {
          "long": 20882.14825599776,
          "short": -1017.5897360000777,
          "total": 19864.55851999768
        }
      },
      "variant": "v26_baseline_1p0"
    },
    {
      "1y": {
        "dd": 9413.783471999268,
        "dd_pct": 0.09413783471999268,
        "pnl": 32673.475495998646,
        "pnl_dd": 3.4708123033830054,
        "roi": 0.32673475495998644,
        "tr": 697,
        "win_rate": 0.6413199426111909
      },
      "2y": {
        "dd": 15146.820111998779,
        "dd_pct": 0.1514682011199878,
        "pnl": 45550.6264480022,
        "pnl_dd": 3.0072732171631587,
        "roi": 0.455506264480022,
        "tr": 1252,
        "win_rate": 0.6677316293929713
      },
      "boost_crash": {
        "n": 0
      },
      "boost_full": {
        "dd_on_avg": 0.27100271002710724,
        "dd_on_max": 0.4674796747967527,
        "dd_on_min": 0.121951219512205,
        "n": 3
      },
      "boost_jan": {
        "n": 0
      },
      "filters": {
        "shock_short_boost_max_dist_on_pp": 0.5,
        "shock_short_boost_min_down_streak_bars": 1,
        "shock_short_boost_require_entry_down": true,
        "shock_short_boost_require_regime_down": true
      },
      "full": {
        "dd": 9933.10876799919,
        "dd_pct": 0.09933108767999191,
        "pnl": 38289.915967999004,
        "pnl_dd": 3.8547766728735495,
        "roi": 0.38289915967999005,
        "tr": 753,
        "win_rate": 0.650730411686587
      },
      "jan_short_avg": 53.42372881355932,
      "segments": {
        "crash_leg_2026": {
          "long": 8388.47468800053,
          "short": -1281.2383439999962,
          "total": 7107.236344000533
        },
        "janfeb_2026": {
          "long": 20682.833088001295,
          "short": -2202.6297599999934,
          "total": 18480.203328001302
        },
        "pre_2026": {
          "long": 20871.41705599775,
          "short": -1061.7044160000687,
          "total": 19809.712639997688
        }
      },
      "variant": "maxdist_0.5pp"
    },
    {
      "1y": {
        "dd": 9413.783471999268,
        "dd_pct": 0.09413783471999268,
        "pnl": 32718.333311998656,
        "pnl_dd": 3.4755774242436495,
        "roi": 0.32718333311998654,
        "tr": 697,
        "win_rate": 0.6413199426111909
      },
      "2y": {
        "dd": 15146.820111998779,
        "dd_pct": 0.1514682011199878,
        "pnl": 45596.622544002166,
        "pnl_dd": 3.010309900484137,
        "roi": 0.4559662254400217,
        "tr": 1252,
        "win_rate": 0.6677316293929713
      },
      "boost_crash": {
        "n": 0
      },
      "boost_full": {
        "dd_on_avg": 0.43360433604336546,
        "dd_on_max": 0.650406504065046,
        "dd_on_min": 0.121951219512205,
        "n": 6
      },
      "boost_jan": {
        "n": 0
      },
      "filters": {
        "shock_short_boost_max_dist_on_pp": 0.75,
        "shock_short_boost_min_down_streak_bars": 1,
        "shock_short_boost_require_entry_down": true,
        "shock_short_boost_require_regime_down": true
      },
      "full": {
        "dd": 9933.10876799919,
        "dd_pct": 0.09933108767999191,
        "pnl": 38338.02535199901,
        "pnl_dd": 3.859620008945233,
        "roi": 0.38338025351999006,
        "tr": 753,
        "win_rate": 0.650730411686587
      },
      "jan_short_avg": 53.45762711864407,
      "segments": {
        "crash_leg_2026": {
          "long": 8388.554000000528,
          "short": -1280.298343999997,
          "total": 7108.25565600053
        },
        "janfeb_2026": {
          "long": 20688.85379200129,
          "short": -2203.0094799999943,
          "total": 18485.8443120013
        },
        "pre_2026": {
          "long": 20880.605455997757,
          "short": -1028.424416000074,
          "total": 19852.181039997686
        }
      },
      "variant": "maxdist_0.75pp"
    },
    {
      "1y": {
        "dd": 9413.783471999268,
        "dd_pct": 0.09413783471999268,
        "pnl": 32733.336463998647,
        "pnl_dd": 3.4771711672954857,
        "roi": 0.32733336463998647,
        "tr": 697,
        "win_rate": 0.642754662840746
      },
      "2y": {
        "dd": 15146.820111998779,
        "dd_pct": 0.1514682011199878,
        "pnl": 45612.17717600217,
        "pnl_dd": 3.011336824411733,
        "roi": 0.4561217717600217,
        "tr": 1252,
        "win_rate": 0.6685303514376997
      },
      "boost_crash": {
        "n": 0
      },
      "boost_full": {
        "dd_on_avg": 0.6016260162601684,
        "dd_on_max": 0.9756097560975707,
        "dd_on_min": 0.121951219512205,
        "n": 10
      },
      "boost_jan": {
        "n": 0
      },
      "filters": {
        "shock_short_boost_max_dist_on_pp": 1.0,
        "shock_short_boost_min_down_streak_bars": 1,
        "shock_short_boost_require_entry_down": true,
        "shock_short_boost_require_regime_down": true
      },
      "full": {
        "dd": 9933.10876799919,
        "dd_pct": 0.09933108767999191,
        "pnl": 38358.744415999005,
        "pnl_dd": 3.861705867912845,
        "roi": 0.38358744415999,
        "tr": 753,
        "win_rate": 0.6520584329349269
      },
      "jan_short_avg": 53.45762711864407,
      "segments": {
        "crash_leg_2026": {
          "long": 8394.495584000528,
          "short": -1280.298343999997,
          "total": 7114.197240000528
        },
        "janfeb_2026": {
          "long": 20697.195376001284,
          "short": -2203.0094799999943,
          "total": 18494.185896001298
        },
        "pre_2026": {
          "long": 20882.14825599776,
          "short": -1017.5897360000777,
          "total": 19864.55851999768
        }
      },
      "variant": "maxdist_1pp"
    },
    {
      "1y": {
        "dd": 9413.783471999268,
        "dd_pct": 0.09413783471999268,
        "pnl": 32739.52846399865,
        "pnl_dd": 3.4778289262102113,
        "roi": 0.3273952846399865,
        "tr": 697,
        "win_rate": 0.642754662840746
      },
      "2y": {
        "dd": 15146.820111998779,
        "dd_pct": 0.1514682011199878,
        "pnl": 45627.80594400215,
        "pnl_dd": 3.0123686428319965,
        "roi": 0.45627805944002153,
        "tr": 1252,
        "win_rate": 0.6685303514376997
      },
      "boost_crash": {
        "n": 0
      },
      "boost_full": {
        "dd_on_avg": 0.6448632668144921,