{
  "baseline_variant": "baseline_v19",
  "source_strategy": "backtests/slv/archive/champion_history_20260214/slv_hf_champions_v19_exception_ddshock_lb10_on10_off5_streak6_20260218.json",
  "variants_tested": [
    "baseline_v19",
    "prearm_tight_f1p5",
    "prearm_mid_f1p6",
    "prearm_mid_f1p8",
    "liq_shock_cons_1",
    "liq_shock_cons_2",
    "liq_shock_cons_3",
    "prearm_tight_plus_liq1",
    "prearm_mid_plus_liq2"
  ],
  "winners_vs_baseline": [
    "prearm_tight_f1p5"
  ],
  "results": [
    {
      "variant": "baseline_v19",
      "mods": {},
      "y1": {
        "pnl": 32596.267583998655,
        "roi_dd": 3.4626107219221995,
        "trades": 697
      },
      "y2": {
        "pnl": 45575.03995200218,
        "roi_dd": 3.0026264838610146,
        "trades": 1252
      },
      "segments": {
        "pre_2026": {
          "total_pnl": 19754.376655997687,
          "short_pnl": -1115.0044160000657
        },
        "last2m": {
          "total_pnl": 26827.698544001378,
          "short_pnl": -2277.9619199999947
        },
        "janfeb_2026": {
          "total_pnl": 18467.6198720013,
          "short_pnl": -2202.769759999994
        },
        "crash_leg_2026": {
          "total_pnl": 7099.020648000532,
          "short_pnl": -1281.238343999996
        }
      },
      "trace_probe": {
        "entry_traces": 753,
        "cap60": 480,
        "cap_count": 753,
        "liq_boost_applied": 0,
        "prearm_applied": 0,
        "shock_short_boost_applied": 0
      }
    },
    {
      "variant": "prearm_tight_f1p5",
      "mods": {
        "filters": {
          "shock_prearm_dist_on_max_pp": 1.0,
          "shock_prearm_min_dist_on_vel_pp": 0.25,
          "shock_prearm_short_risk_mult_factor": 1.5,
          "shock_prearm_require_regime_down": true,
          "shock_prearm_require_entry_down": true
        }
      },
      "y1": {
        "pnl": 32649.186535998662,
        "roi_dd": 3.4682321548091375,
        "trades": 697
      },
      "y2": {
        "pnl": 45611.024840002174,
        "roi_dd": 3.0049972810746066,
        "trades": 1252
      },
      "segments": {
        "pre_2026": {
          "total_pnl": 19783.101599997688,
          "short_pnl": -1088.544416000066
        },
        "last2m": {
          "total_pnl": 26828.014064001378,
          "short_pnl": -2277.9619199999947
        },
        "janfeb_2026": {
          "total_pnl": 18469.392592001303,
          "short_pnl": -2202.769759999994
        },
        "crash_leg_2026": {
          "total_pnl": 7100.043032000532,
          "short_pnl": -1281.238343999996
        }
      },
      "trace_probe": {
        "entry_traces": 753,
        "cap60": 480,
        "cap_count": 753,
        "liq_boost_applied": 0,
        "prearm_applied": 1,
        "shock_short_boost_applied": 0
      },
      "delta_vs_baseline": {
        "y1_pnl": 52.918952000007266,
        "y2_pnl": 35.98488799999177,
        "y1_roi_dd": 0.005621432886937949,
        "y2_roi_dd": 0.002370797213592013,
        "pre_2026": 28.724944000001415,
        "janfeb_2026": 1.7727200000008452,
        "crash": 1.0223839999998745,
        "crash_short": 0.0
      }
    },
    {
      "variant": "prearm_mid_f1p6",
      "mods": {
        "filters": {
          "shock_prearm_dist_on_max_pp": 1.2,
          "shock_prearm_min_dist_on_vel_pp": 0.15,
          "shock_prearm_short_risk_mult_factor": 1.6,
          "shock_prearm_require_regime_down": true,
          "shock_prearm_require_entry_down": true
        }
      },
      "y1": {
        "pnl": 32654.719703998657,
        "roi_dd": 3.468819927835408,
        "trades": 697
      },
      "y2": {
        "pnl": 45452.834208002205,
        "roi_dd": 2.9837277188384372,
        "trades": 1252
      },
      "segments": {
        "pre_2026": {
          "total_pnl": 19787.052047997688,
          "short_pnl": -1083.644416000066
        },
        "last2m": {
          "total_pnl": 26825.563936001377,
          "short_pnl": -2277.9619199999947
        },
        "janfeb_2026": {
          "total_pnl": 18467.9620160013,
          "short_pnl": -2202.769759999994
        },
        "crash_leg_2026": {
          "total_pnl": 7100.043032000532,
          "short_pnl": -1281.238343999996
        }
      },
      "trace_probe": {
        "entry_traces": 753,
        "cap60": 480,
        "cap_count": 753,
        "liq_boost_applied": 0,
        "prearm_applied": 1,
        "shock_short_boost_applied": 0
      },
      "delta_vs_baseline": {
        "y1_pnl": 58.45212000000174,
        "y2_pnl": -122.20574399997713,
        "y1_roi_dd": 0.006209205913208393,
        "y2_roi_dd": -0.01889876502257737,
        "pre_2026": 32.67539200000101,
        "janfeb_2026": 0.3421439999983704,
        "crash": 1.0223839999998745,
        "crash_short": 0.0
      }
    },
    {
      "variant": "prearm_mid_f1p8",
      "mods": {
        "filters": {
          "shock_prearm_dist_on_max_pp": 1.2,
          "shock_prearm_min_dist_on_vel_pp": 0.1,
          "shock_prearm_short_risk_mult_factor": 1.8,
          "shock_prearm_require_regime_down": true,
          "shock_prearm_require_entry_down": true
        }
      },
      "y1": {
        "pnl": 32664.006375998673,
        "roi_dd": 3.469806425137756,
        "trades": 697
      },
      "y2": {
        "pnl": 45400.872848002175,
        "roi_dd": 2.973669669982243,
        "trades": 1252
      },
      "segments": {
        "pre_2026": {
          "total_pnl": 19798.894447997685,
          "short_pnl": -1072.8644160000665
        },
        "last2m": {
          "total_pnl": 26827.416944001376,
          "short_pnl": -2277.9619199999947
        },
        "janfeb_2026": {
          "total_pnl": 18471.212624001302,
          "short_pnl": -2202.769759999994
        },
        "crash_leg_2026": {
          "total_pnl": 7101.623032000532,
          "short_pnl": -1281.238343999996
        }
      },
      "trace_probe": {
        "entry_traces": 753,
        "cap60": 480,
        "cap_count": 753,
        "liq_boost_applied": 0,
        "prearm_applied": 1,
        "shock_short_boost_applied": 0
      },
      "delta_vs_baseline": {
        "y1_pnl": 67.7387920000183,
        "y2_pnl": -174.16710400000738,
        "y1_roi_dd": 0.007195703215556293,
        "y2_roi_dd": -0.02895681387877147,
        "pre_2026": 44.517791999998735,
        "janfeb_2026": 3.5927520000004733,
        "crash": 2.6023839999998017,
        "crash_short": 0.0
      }
    },
    {
      "variant": "liq_shock_cons_1",
      "mods": {
        "filters": {
          "liq_boost_enable": true,
          "liq_boost_score_min": 1.6,
          "liq_boost_score_span": 2.0,
          "liq_boost_max_risk_mult": 1.3,
          "liq_boost_cap_floor_frac": 0.0,
          "liq_boost_require_alignment": true,
          "liq_boost_require_shock": true
        }
      },
      "y1": {
        "pnl": 32395.70731999865,
        "roi_dd": 3.441305763655785,
        "trades": 697
      },
      "y2": {
        "pnl": 45340.37795200221,
        "roi_dd": 2.9871662157691428,
        "trades": 1252
      },
      "segments": {
        "pre_2026": {
          "total_pnl": 19678.853247997686,
          "short_pnl": -1110.4844160000655
        },
        "last2m": {
          "total_pnl": 26616.495944001377,
          "short_pnl": -2277.379559999995
        },
        "janfeb_2026": {
          "total_pnl": 18336.2389680013,
          "short_pnl": -2202.1873999999943
        },
        "crash_leg_2026": {
          "total_pnl": 6976.880784000532,
          "short_pnl": -1279.7959839999967
        }
      },
      "trace_probe": {
        "entry_traces": 753,
        "cap60": 480,
        "cap_count": 753,
        "liq_boost_applied": 26,
        "prearm_applied": 0,
        "shock_short_boost_applied": 0
      },
      "delta_vs_baseline": {
        "y1_pnl": -200.56026400000337,
        "y2_pnl": -234.6619999999748,
        "y1_roi_dd": -0.02130495826641443,