{
  "baseline_v18": {
    "1y_pnl": 31079.104943998645,
    "1y_dd_pct": 0.09556154855999208,
    "1y_pnl_dd": 3.252260497273928,
    "1y_tr": 698,
    "2y_pnl": 43716.80399200219,
    "2y_dd_pct": 0.1524890523199877,
    "2y_pnl_dd": 2.866881479482574,
    "2y_tr": 1252,
    "crash_total": 5439.404064000517,
    "crash_short": -2551.49899999999,
    "crash_long": 7990.9030640005085
  },
  "sig_l4_sf2p0_ld0p1": {
    "1y_pnl": 26904.829311998674,
    "1y_dd_pct": 0.11395126903999873,
    "1y_pnl_dd": 2.36108202555907,
    "1y_tr": 696,
    "2y_pnl": 39314.000208002224,
    "2y_dd_pct": 0.15226745383998772,
    "2y_pnl_dd": 2.5819043542499807,
    "2y_tr": 1251,
    "crash_total": 1571.3636000005622,
    "crash_short": -1881.2649679999877,
    "crash_long": 3452.6285680005494
  },
  "sig_l6_sf2p0_ld0p1": {
    "1y_pnl": 26979.160887998656,
    "1y_dd_pct": 0.0992554010399984,
    "1y_pnl_dd": 2.7181554459818735,
    "1y_tr": 700,
    "2y_pnl": 39507.21356800221,
    "2y_dd_pct": 0.1515391249599878,
    "2y_pnl_dd": 2.6070635935395323,
    "2y_tr": 1255,
    "crash_total": 1263.2501920005452,
    "crash_short": -2374.514655999992,
    "crash_long": 3637.7648480005373
  },
  "sig_l8_sf2p0_ld0p1": {
    "1y_pnl": 24375.516295998503,
    "1y_dd_pct": 0.11391209031999941,
    "1y_pnl_dd": 2.1398533050814295,
    "1y_tr": 698,
    "2y_pnl": 36451.45928800201,
    "2y_dd_pct": 0.15172347895998667,
    "2y_pnl_dd": 2.4024929785333478,
    "2y_tr": 1253,
    "crash_total": 2596.53168000046,
    "crash_short": -1562.9206719999906,
    "crash_long": 4159.4523520004495
  },
  "sig_l6_sf2p2_ld0p1": {
    "1y_pnl": 26707.351591998686,
    "1y_dd_pct": 0.10120017647999703,
    "1y_pnl_dd": 2.6390617606558813,
    "1y_tr": 700,
    "2y_pnl": 38691.33564000211,
    "2y_dd_pct": 0.15381501903997005,
    "2y_pnl_dd": 2.5154458830803677,
    "2y_tr": 1248,
    "crash_total": 1031.238360000542,
    "crash_short": -2604.5363279999942,
    "crash_long": 3635.774688000536
  },
  "sig_l6_sf2p5_ld0p1": {
    "1y_pnl": 26309.91403999869,
    "1y_dd_pct": 0.10411271831999737,
    "1y_pnl_dd": 2.527060522916462,
    "1y_tr": 700,
    "2y_pnl": 38247.94387200214,
    "2y_dd_pct": 0.15381020575996926,
    "2y_pnl_dd": 2.48669739976101,
    "2y_tr": 1248,
    "crash_total": 682.6502720005551,
    "crash_short": -2946.4686399999855,
    "crash_long": 3629.1189120005397
  }
}