{
  "older_1y": {
    "bars": 354365,
    "tr_pct_mean": 0.04033363204489595,
    "tr_pct_median": 0.0,
    "tr_pct_p75": 0.0702247191011221,
    "tr_pct_p90": 0.11164867882397148,
    "tr_pct_p95": 0.15163002274451365,
    "tr_pct_p99": 0.2774887270204712,
    "zero_tr_share": 0.5642346168498582
  },
  "recent_1y": {
    "bars": 356910,
    "tr_pct_mean": 0.0669898638222106,
    "tr_pct_median": 0.03269042170644512,
    "tr_pct_p75": 0.08741258741259073,
    "tr_pct_p90": 0.16256858362121174,
    "tr_pct_p95": 0.23466309084814044,
    "tr_pct_p99": 0.5086245024325609,
    "zero_tr_share": 0.3969123868762433
  },
  "crash_jan_feb_2026": {
    "bars": 42960,
    "tr_pct_mean": 0.20603942936406394,
    "tr_pct_median": 0.13529576632263302,
    "tr_pct_p75": 0.2436228145600483,
    "tr_pct_p90": 0.4143010587693663,
    "tr_pct_p95": 0.5712060236271553,
    "tr_pct_p99": 1.1345404538161756,
    "zero_tr_share": 0.02455772811918063
  },
  "full_2y": {
    "bars": 711275,
    "tr_pct_mean": 0.05370943701996378,
    "tr_pct_median": 0.0267451190157743,
    "tr_pct_p75": 0.07288629737609173,
    "tr_pct_p90": 0.1371271854645154,
    "tr_pct_p95": 0.19357336430507438,
    "tr_pct_p99": 0.40801186943619966,
    "zero_tr_share": 0.48027415556570946
  },
  "ratios_recent_vs_older": {
    "mean_mult": 1.6608934139043867,
    "median_mult": null,
    "p90_mult": 1.4560726139672646,
    "zero_tr_share_ratio": 0.7034527393803294
  }
}
