{
  "champion": "backtests/slv/archive/champion_history_20260214/slv_hf_champions_v20_exception_ddshock_lb10_on10_off5_streak6_prearmtight_20260218.json",
  "rows": [
    {
      "1y": {
        "dd": 9413.783471999268,
        "dd_pct": 0.09413783471999268,
        "pnl": 32649.186535998662,
        "pnl_dd": 3.468232154809137,
        "roi": 0.32649186535998664,
        "tr": 697
      },
      "2y": {
        "dd": 15178.391383998649,
        "dd_pct": 0.1517839138399865,
        "pnl": 45611.024840002174,
        "pnl_dd": 3.0049972810746066,
        "roi": 0.45611024840002173,
        "tr": 1252
      },
      "filters": {},
      "full": {
        "dd": 9933.10876799919,
        "dd_pct": 0.09933108767999191,
        "pnl": 38252.494191999,
        "pnl_dd": 3.851009294817592,
        "roi": 0.38252494191999004,
        "tr": 753
      },
      "jan_short_avg": 53.40677966101695,
      "prearm_applied": 1,
      "prearm_applied_jan": 0,
      "segments": {
        "crash_leg_2026": 7100.043032000532,
        "janfeb_2026": 18469.392592001303,
        "pre_2026": 19783.101599997688
      },
      "variant": "baseline"
    },
    {
      "1y": {
        "dd": 9413.783471999268,
        "dd_pct": 0.09413783471999268,
        "pnl": 32649.186535998662,
        "pnl_dd": 3.468232154809137,
        "roi": 0.32649186535998664,
        "tr": 697
      },
      "2y": {
        "dd": 15215.119351998292,
        "dd_pct": 0.1521511935199829,
        "pnl": 45469.33808000218,
        "pnl_dd": 2.988431245794363,
        "roi": 0.45469338080002175,
        "tr": 1252
      },
      "filters": {
        "shock_prearm_dist_on_max_pp": 1.0,
        "shock_prearm_min_dist_on_vel_pp": 0.1
      },
      "full": {
        "dd": 9933.10876799919,
        "dd_pct": 0.09933108767999191,
        "pnl": 38252.494191999,
        "pnl_dd": 3.851009294817592,
        "roi": 0.38252494191999004,
        "tr": 753
      },
      "jan_short_avg": 53.40677966101695,
      "prearm_applied": 1,
      "prearm_applied_jan": 0,
      "segments": {
        "crash_leg_2026": 7100.043032000532,
        "janfeb_2026": 18469.392592001303,
        "pre_2026": 19783.101599997688
      },
      "variant": "prearm_band1_vel0p10"
    }
  ]
}