{
  "base_champion": "backtests/slv/archive/champion_history_20260214/slv_hf_champions_v27_exception_ddshock_lb10_on10_off5_depth1p25pp_streak1_20260222.json",
  "note": "Deterministic micro-matrix: vary spot_short_risk_mult only (all other knobs identical to v27).",
  "rows": [
    {
      "full_probe": {
        "full": {
          "dd_pct": 0.098487391679992,
          "pnl": 39266.038847999014,
          "tr": 747
        },
        "janfeb_avg_short_qty": 38.898305084745765,
        "segments": {
          "crash_leg_2026": 7498.064736000535,
          "janfeb_2026": 19164.078232001302,
          "pre_2026": 20101.960615997723
        },
        "sleeves": {
          "long": {
            "n": 491,
            "pnl": 41610.41234399907
          },
          "short": {
            "n": 256,
            "pnl": -2344.3734960000443
          }
        }
      },
      "spot_short_risk_mult": 0.028,
      "windows": {
        "1y": {
          "dd": 9326.234855999195,
          "dd_pct": 0.09326234855999195,
          "pnl": 33432.4979279987,
          "pnl_dd": 3.584779757770405,
          "tpy": 694.0,
          "tr": 694
        },
        "2y": {
          "dd": 13887.223935998787,
          "dd_pct": 0.13887223935998788,
          "pnl": 51500.91214400227,
          "pnl_dd": 3.7085102379965518,
          "tpy": 622.0,
          "tr": 1244
        }
      }
    },
    {
      "spot_short_risk_mult": 0.029,
      "windows": {
        "1y": {
          "dd": 9328.562095999267,
          "dd_pct": 0.09328562095999267,
          "pnl": 33364.1490559987,
          "pnl_dd": 3.5765586070663082,
          "tpy": 694.0,
          "tr": 694
        },
        "2y": {
          "dd": 14913.16327199874,
          "dd_pct": 0.1491316327199874,
          "pnl": 49774.41284800214,
          "pnl_dd": 3.3376160335788447,
          "tpy": 623.5,
          "tr": 1247
        }
      }
    },
    {
      "spot_short_risk_mult": 0.03,
      "windows": {
        "1y": {
          "dd": 9326.66263199925,
          "dd_pct": 0.0932666263199925,
          "pnl": 33293.86549599869,
          "pnl_dd": 3.5697512400383524,
          "tpy": 694.0,
          "tr": 694
        },
        "2y": {
          "dd": 14897.702135998683,
          "dd_pct": 0.14897702135998683,
          "pnl": 49296.37776800217,
          "pnl_dd": 3.3089920390395515,
          "tpy": 624.0,
          "tr": 1248
        }
      }
    },
    {
      "spot_short_risk_mult": 0.0384,
      "windows": {
        "1y": {
          "dd": 9413.783471999268,
          "dd_pct": 0.09413783471999268,
          "pnl": 32739.52846399865,
          "pnl_dd": 3.4778289262102113,
          "tpy": 697.0,
          "tr": 697
        },
        "2y": {
          "dd": 15146.820111998779,
          "dd_pct": 0.1514682011199878,
          "pnl": 45627.80594400215,
          "pnl_dd": 3.0123686428319965,
          "tpy": 626.0,
          "tr": 1252
        }
      }
    }
  ]
}