{
  "base": "backtests/slv/archive/champion_history_20260214/slv_hf_champions_v27_exception_ddshock_lb10_on10_off5_depth1p25pp_streak1_20260222.json",
  "rows": [
    {
      "1y": {
        "dd": 9413.783471999268,
        "dd_pct": 0.09413783471999268,
        "pnl": 32739.52846399865,
        "pnl_dd": 3.4778289262102113,
        "roi": 0.3273952846399865,
        "tr": 697,
        "win_rate": 0.642754662840746
      },
      "2y": {
        "dd": 15146.820111998779,
        "dd_pct": 0.1514682011199878,
        "pnl": 45627.80594400215,
        "pnl_dd": 3.0123686428319965,
        "roi": 0.45627805944002153,
        "tr": 1252,
        "win_rate": 0.6685303514376997
      },
      "boosts": {
        "2y": {
          "total": 1252
        },
        "crash_leg_2026": {
          "total": 88
        },
        "janfeb_2026": {
          "total": 162
        },
        "last2m": {
          "total": 206
        },
        "pre_2026": {
          "total": 590
        }
      },
      "filters": {},
      "segments": {
        "crash_leg_2026": {
          "long": 8833.406376000561,
          "short": -1345.3400079999917,
          "total": 7488.066368000567
        },
        "janfeb_2026": {
          "long": 21781.20429600137,
          "short": -2314.4826559999883,
          "total": 19466.721640001393
        },
        "last2m": {
          "long": 30664.068552001452,
          "short": -2391.9103119999863,
          "total": 28272.15824000148
        },
        "pre_2026": {
          "long": 21948.249551997636,
          "short": -1040.8875760000685,
          "total": 20907.36197599757
        }
      },
      "variant": "baseline"
    },
    {
      "1y": {
        "dd": 9413.783471999268,
        "dd_pct": 0.09413783471999268,
        "pnl": 32739.52846399865,
        "pnl_dd": 3.4778289262102113,
        "roi": 0.3273952846399865,
        "tr": 697,
        "win_rate": 0.642754662840746
      },
      "2y": {
        "dd": 15146.820111998779,
        "dd_pct": 0.1514682011199878,
        "pnl": 45627.80594400215,
        "pnl_dd": 3.0123686428319965,
        "roi": 0.45627805944002153,
        "tr": 1252,
        "win_rate": 0.6685303514376997
      },
      "boosts": {
        "2y": {
          "total": 1252
        },
        "crash_leg_2026": {
          "total": 88
        },
        "janfeb_2026": {
          "total": 162
        },
        "last2m": {
          "total": 206
        },
        "pre_2026": {
          "total": 590
        }
      },
      "filters": {
        "shock_long_boost_max_dist_off_pp": 0.5,
        "shock_long_boost_require_entry_up": true,
        "shock_long_boost_require_regime_up": true,
        "shock_long_risk_mult_factor": 1.15
      },
      "segments": {
        "crash_leg_2026": {
          "long": 8833.406376000561,
          "short": -1345.3400079999917,
          "total": 7488.066368000567
        },
        "janfeb_2026": {
          "long": 21781.20429600137,
          "short": -2314.4826559999883,
          "total": 19466.721640001393
        },
        "last2m": {
          "long": 30664.068552001452,
          "short": -2391.9103119999863,
          "total": 28272.15824000148
        },
        "pre_2026": {
          "long": 21948.249551997636,
          "short": -1040.8875760000685,
          "total": 20907.36197599757
        }
      },
      "variant": "lf1p15_off0p5"
    },
    {
      "1y": {
        "dd": 9413.783471999268,
        "dd_pct": 0.09413783471999268,
        "pnl": 32739.52846399865,
        "pnl_dd": 3.4778289262102113,
        "roi": 0.3273952846399865,
        "tr": 697,
        "win_rate": 0.642754662840746
      },
      "2y": {
        "dd": 15146.820111998779,
        "dd_pct": 0.1514682011199878,
        "pnl": 45627.80594400215,
        "pnl_dd": 3.0123686428319965,
        "roi": 0.45627805944002153,
        "tr": 1252,
        "win_rate": 0.6685303514376997
      },
      "boosts": {
        "2y": {
          "boosted": 2,
          "total": 1252
        },
        "crash_leg_2026": {
          "total": 88
        },
        "janfeb_2026": {
          "total": 162
        },
        "last2m": {
          "total": 206
        },
        "pre_2026": {
          "boosted": 2,
          "total": 590
        }
      },
      "filters": {
        "shock_long_boost_max_dist_off_pp": 1.0,
        "shock_long_boost_require_entry_up": true,
        "shock_long_boost_require_regime_up": true,
        "shock_long_risk_mult_factor": 1.15
      },
      "segments": {
        "crash_leg_2026": {
          "long": 8833.406376000561,
          "short": -1345.3400079999917,
          "total": 7488.066368000567
        },
        "janfeb_2026": {
          "long": 21781.20429600137,
          "short": -2314.4826559999883,
          "total": 19466.721640001393
        },
        "last2m": {
          "long": 30664.068552001452,
          "short": -2391.9103119999863,
          "total": 28272.15824000148
        },
        "pre_2026": {
          "long": 21948.249551997636,
          "short": -1040.8875760000685,
          "total": 20907.36197599757
        }
      },
      "variant": "lf1p15_off1p0"
    },
    {
      "1y": {
        "dd": 9413.783471999268,
        "dd_pct": 0.09413783471999268,
        "pnl": 32739.52846399865,
        "pnl_dd": 3.4778289262102113,
        "roi": 0.3273952846399865,
        "tr": 697,
        "win_rate": 0.642754662840746
      },
      "2y": {
        "dd": 15146.820111998779,
        "dd_pct": 0.1514682011199878,
        "pnl": 45627.80594400215,
        "pnl_dd": 3.0123686428319965,
        "roi": 0.45627805944002153,
        "tr": 1252,
        "win_rate": 0.6685303514376997
      },
      "boosts": {
        "2y": {
          "boosted": 3,
          "total": 1252
        },
        "crash_leg_2026": {
          "total": 88
        },
        "janfeb_2026": {
          "total": 162
        },
        "last2m": {
          "total": 206
        },
        "pre_2026": {
          "boosted": 3,
          "total": 590
        }
      },
      "filters": {
        "shock_long_boost_max_dist_off_pp": 2.0,
        "shock_long_boost_require_entry_up": true,
        "shock_long_boost_require_regime_up": true,
        "shock_long_risk_mult_factor": 1.15
      },
      "segments": {
        "crash_leg_2026": {
          "long": 8833.406376000561,
          "short": -1345.3400079999917,
          "total": 7488.066368000567
        },
        "janfeb_2026": {
          "long": 21781.20429600137,
          "short": -2314.4826559999883,
          "total": 19466.721640001393
        },
        "last2m": {
          "long": 30664.068552001452,
          "short": -2391.9103119999863,
          "total": 28272.15824000148
        },
        "pre_2026": {
          "long": 21948.249551997636,
          "short": -1040.8875760000685,
          "total": 20907.36197599757
        }
      },
      "variant": "lf1p15_off2p0"
    },
    {
      "1y": {
        "dd": 9413.783471999268,
        "dd_pct": 0.09413783471999268,
        "pnl": 32739.52846399865,
        "pnl_dd": 3.4778289262102113,
        "roi": 0.3273952846399865,
        "tr": 697,
        "win_rate": 0.642754662840746
      },
      "2y": {
        "dd": 15146.820111998779,
        "dd_pct": 0.1514682011199878,
        "pnl": 45627.80594400215,
        "pnl_dd": 3.0123686428319965,
        "roi": 0.45627805944002153,
        "tr": 1252,
        "win_rate": 0.6685303514376997
      },
      "boosts": {
        "2y": {
          "total": 1252
        },
        "crash_leg_2026": {
          "total": 88
        },
        "janfeb_2026": {
          "total": 162
        },
        "last2m": {
          "total": 206
        },
        "pre_2026": {
          "total": 590
        }
      },
      "filters": {
        "shock_long_boost_max_dist_off_pp": 0.5,
        "shock_long_boost_require_entry_up": true,
        "shock_long_boost_require_regime_up": true,