{
  "baseline_v18": {
    "1y": {
      "pnl": 31079.104943998645,
      "dd": 9556.154855999208,
      "dd_pct": 0.09556154855999208,
      "pnl_dd": 3.252260497273928,
      "trades": 698,
      "win": 0.6418338108882522,
      "pre2026": 14688.759591997397,
      "janfeb": 16390.34535200125,
      "crash_total": 5439.404064000517,
      "crash_long": 7990.9030640005085,
      "crash_short": -2551.49899999999
    },
    "2y": {
      "pnl": 43716.80399200219,
      "dd": 15248.905231998768,
      "dd_pct": 0.1524890523199877,
      "pnl_dd": 2.866881479482574,
      "trades": 1252,
      "win": 0.6701277955271565
    }
  },
  "sigdir6_override_short2p5_holdsoft": {
    "1y": {
      "pnl": 20404.427583998768,
      "dd": 14134.469008002969,
      "dd_pct": 0.14134469008002967,
      "pnl_dd": 1.443593499865169,
      "trades": 722,
      "win": 0.649584487534626,
      "pre2026": 6360.928215997229,
      "janfeb": 14043.499368001529,
      "crash_total": 2906.6911440007834,
      "crash_long": 264.0123200007509,
      "crash_short": 2642.6788240000324
    },
    "2y": {
      "pnl": 34078.143128002375,
      "dd": 17173.98200799954,
      "dd_pct": 0.17173982007999541,
      "pnl_dd": 1.9842889734092521,
      "trades": 1284,
      "win": 0.6744548286604362
    }
  },
  "sigdir12_override_short3_holdsoft": {
    "1y": {
      "pnl": 18829.706567999026,
      "dd": 17942.07692800164,
      "dd_pct": 0.1794207692800164,
      "pnl_dd": 1.049471955981422,
      "trades": 729,
      "win": 0.6515775034293553,
      "pre2026": 379.34736799744945,
      "janfeb": 18450.359200001578,
      "crash_total": 7932.852632000873,
      "crash_long": 5391.407336000818,
      "crash_short": 2541.4452960000535
    },
    "2y": {
      "pnl": 32249.67648800259,
      "dd": 22873.472223999284,
      "dd_pct": 0.22873472223999283,
      "pnl_dd": 1.4099160884793702,
      "trades": 1289,
      "win": 0.6757176105508146
    }
  },
  "sigdir6_override_short2p5_dynamichold": {
    "1y": {
      "pnl": 17145.443839998687,
      "dd": 14178.176144002879,
      "dd_pct": 0.1417817614400288,
      "pnl_dd": 1.2092841608016636,
      "trades": 721,
      "win": 0.6463245492371706,
      "pre2026": 4456.666719997237,
      "janfeb": 12688.777120001458,
      "crash_total": 2884.089592000746,
      "crash_long": 277.1186000007277,
      "crash_short": 2606.97099200002
    },
    "2y": {
      "pnl": 31434.951264002422,
      "dd": 16372.841679999474,
      "dd_pct": 0.16372841679999472,
      "pnl_dd": 1.9199447400998404,
      "trades": 1285,
      "win": 0.6754863813229572
    }
  },
  "sigdir6_override_short2p5_nohold": {
    "1y": {
      "pnl": 20404.427583998768,
      "dd": 14134.469008002969,
      "dd_pct": 0.14134469008002967,
      "pnl_dd": 1.443593499865169,
      "trades": 722,
      "win": 0.649584487534626,
      "pre2026": 6360.928215997229,
      "janfeb": 14043.499368001529,
      "crash_total": 2906.6911440007834,
      "crash_long": 264.0123200007509,
      "crash_short": 2642.6788240000324
    },
    "2y": {
      "pnl": 34078.143128002375,
      "dd": 17173.98200799954,
      "dd_pct": 0.17173982007999541,
      "pnl_dd": 1.9842889734092521,
      "trades": 1284,
      "win": 0.6744548286604362
    }
  },
  "dd_early8_sigdir6_override_holdsoft": {
    "1y": {
      "pnl": 21359.060143998566,
      "dd": 12897.144176002766,
      "dd_pct": 0.12897144176002767,
      "pnl_dd": 1.6561077283869223,
      "trades": 732,
      "win": 0.6557377049180327,
      "pre2026": 11266.980959997014,
      "janfeb": 10092.079184001563,
      "crash_total": -1558.7251679992087,
      "crash_long": -4000.6446719992446,
      "crash_short": 2441.9195040000354
    },
    "2y": {
      "pnl": 39282.098856002456,
      "dd": 17249.59004000068,
      "dd_pct": 0.17249590040000679,
      "pnl_dd": 2.2772772433959196,
      "trades": 1295,
      "win": 0.6818532818532819
    }
  },
  "trratio_sigdir6_override_holdsoft": {
    "1y": {
      "pnl": 24148.1443519988,
      "dd": 12659.139599999748,
      "dd_pct": 0.12659139599999747,
      "pnl_dd": 1.9075660048807173,
      "trades": 697,
      "win": 0.6384505021520803,
      "pre2026": 13718.484415997451,
      "janfeb": 10429.659936001342,
      "crash_total": -371.0283279993855,
      "crash_long": 811.106368000608,
      "crash_short": -1182.1346959999942
    },
    "2y": {
      "pnl": 36273.90771200235,
      "dd": 15178.391383998649,
      "dd_pct": 0.1517839138399865,
      "pnl_dd": 2.389838738131565,
      "trades": 1252,
      "win": 0.6669329073482428
    }
  },
  "atrratio_sigdir6_override_holdsoft": {
    "1y": {
      "pnl": 28861.682719998946,
      "dd": 11009.840631999265,
      "dd_pct": 0.11009840631999264,
      "pnl_dd": 2.6214441865865576,
      "trades": 764,
      "win": 0.6557591623036649,
      "pre2026": 15485.161495997561,
      "janfeb": 13376.521224001377,
      "crash_total": 350.8099680007418,
      "crash_long": -3335.5482479993007,
      "crash_short": 3686.358216000043
    },
    "2y": {
      "pnl": 41276.25578400255,
      "dd": 18495.121951998604,
      "dd_pct": 0.18495121951998605,
      "pnl_dd": 2.2317374219607236,
      "trades": 1344,
      "win": 0.6808035714285714
    }
  }
}